execution_id,time_model_python
5ef0c610-fb1f-4481-b1f3-4ec1ff902a7d,332
69efdc2e-de07-49ae-a859-37d750dec27b,317
13961f2a-bbec-4342-803c-d9b8535eb9f0,329
17616c60-0e66-46dd-9a6b-3f5f64cf3cae,323
a11fade7-f3fc-40fb-9846-c6c7d9b48a4e,343
c1a75285-afbb-418c-a8b3-2d61186e6aca,352
cba51f07-aeba-49be-90c7-faa968b94a60,357
22413a81-575e-42c0-90d0-6257d0d93454,363
0f3c81b6-8d07-4e39-9725-369eda98937a,415
95c9cd76-7f74-400b-ba6b-96dbffacbc2d,410
119ae343-6839-4118-a9a5-c3fb65094fc9,322
97b53c0f-aa88-40f1-8da9-db1d0a12a5ad,328
155dca51-8e31-47dd-b151-cfab63ad513f,338
894f99d4-189e-4994-9dcb-b3a5a7bdafbc,323
447ac8c0-2e5b-4dbf-a965-28d8a4fbfc49,368
64214a3e-cdb8-439c-92f5-d9a980097c87,356
9671b7b4-b479-4994-ad7d-9e3820163576,362
d7e90900-0c19-46fe-b6f0-45bf1a31e19a,382
1bdba77f-f298-4ba4-ad38-d3c9f2269a6c,408
7d4bf1b6-5895-4d7e-aec5-736831af3362,408
179e7e3f-cc84-4253-abbc-755a6c56c43e,323
e9c6646e-91e6-4def-89b0-45f08ce03a68,323
54723a64-b775-44b8-baaa-ddb454e72449,328
0a6f5e3d-485f-4bc9-a2b3-78a85f54cf83,342
027257ec-0efa-437c-98c0-e86ebff4ffb8,354
36ba7a14-c391-4596-9135-c804e28cde4b,349
3ead2f7a-8a9b-4969-86a1-869c14f6f989,388
fbdb1cd6-e47e-47b7-ad8d-d57478131b47,372
3b580cb4-1fef-4ad5-9c7d-29f10c994b6f,426
6f6494a1-c2a0-482a-a206-2260c1ca4dc1,427
9cebc7e7-2086-4a08-b1bf-cdffb9305f6a,331
53ad7682-050e-4e27-8780-36a71d64c664,329
6e5584ae-6c9f-47ee-9154-d418b420145d,330
639e2bfd-573c-465d-9b64-16ca9354a29d,323
b4e13931-55ba-40f7-8028-e455c4e264d5,364
4dc67649-4fa5-487b-ba94-b86342212efc,348
e138bcc7-6287-4807-8be4-1d9c061402fc,346
79dbf02e-ecaa-4938-bf31-fe1f00eea751,365
a4a0adce-be7f-444f-b1ee-714bbe38fab0,413
fa9fbc63-e967-413a-9fc8-9895f98dc38d,411
fa4300b8-e21c-450d-ac2a-e1bd77d0de06,322
2b5b697e-3be2-48ea-ad28-16208fa27892,328
7ee31c70-4111-491a-9057-5f9fd7be396b,326
31b02be0-627d-4f81-a542-b44ff212660b,368
30d62995-7d78-4247-9537-a48865b17de0,351
335df60d-b04c-424a-9809-61c4881d39ab,350
26e33b59-8137-49fc-8fd1-b588bc5507d7,351
c5840fd7-854c-4c03-bda6-d5d3678426b1,356
87e4d0c7-5e49-4459-819e-f35c29859012,424
21b2aab7-deca-4e0f-8671-c8a1ee431a42,406
a128eae3-a354-464c-acfc-c8efae8d9f4c,318
7b5d7c1e-926c-43a5-a135-90cbddc7d595,333
0e0640f1-5ad5-484a-8699-760c517e9e96,329
58337922-2534-43c7-9e80-00438dae723f,321
1d1ce3df-be56-468c-b4c4-3955300a8665,359
17a41d56-9718-477d-8752-3c7796f1930a,354
2829108a-d2d6-4753-9fba-3026e3a547b8,377
050bf197-19b4-4d1a-97ce-f9dd5fced445,368
fc91f6d3-dce1-460b-8f0b-c3c8d58be3e0,405
25883608-56b4-4d4b-ad51-2c22bfdf4d3b,420
12d4db65-b407-4b88-84fc-cc7acf8cb1ea,330
f380abb8-7cbd-41b4-80a9-3b70bb2a67d5,457
524d05be-7109-4aa9-9b29-d8c021176e8d,338
70708595-6afd-44a9-94e2-67a5be05140c,420
8b6b4478-0fde-4799-8a6b-293dcb9a8b5b,595
1bb23cb3-df79-4fb3-bb8a-348b6510bb04,790
462dfa1e-23e1-44e0-a40b-ccc7820a25e1,957
d218ab7a-36ee-4ded-92a9-fdcf0e89fbc1,372
8a812c4e-6feb-431b-ad34-c2264bb043e2,410
c5f025d1-f08a-43d2-957c-fce8d8a3147f,430
e5707753-4486-4339-a82f-55970db350f3,767
2acda2b0-8b52-4348-ac24-e7db82f15d31,750
4b0a5b41-3435-47d4-b293-d887d4287e72,311
b4351a82-d7f3-40ac-9ab1-590b212ecf46,311
bdfcaad4-94b1-4192-844f-068752a095b6,349
2487290a-76ec-4847-a666-7591bbf748ac,345
b71cfe93-cc02-434a-93c0-8753b5612433,346
c985e8f8-58db-4097-9ee3-08e8ef676b1d,364
a079de20-857a-4f40-8e6a-6b23b0e3d2a2,419
f441aebd-a6b0-4755-b2f5-ce488c8f91e7,416
be92b072-93b9-422d-99ce-ae9ac86b993f,316
27b2a42e-7853-4d02-b3b4-b9ebcd410554,374
cebcd891-1d13-4db4-8543-69f979d81dc1,335
e659b630-d8b3-41f6-866b-c38109d0134f,324
474477ef-4cfb-4d47-88af-48fa84999426,355
acce7c28-6311-4dd1-ae38-35c540ae19e4,359
4e7fd1f9-f48d-460a-917f-7d524e036208,357
ee8e530b-b577-4bff-88da-535b1d83255d,364
c58d32d2-6725-4898-84d8-0c3f4dee6554,504
4bf2972f-1cf7-47a5-ab60-f9fd366bb2f1,429
68377c8e-d684-4789-8df6-4b7f77439c84,327
dd8f65cb-5cd7-4ed4-8333-f17acea16809,334
e2cb978c-017f-49f1-acaa-42a802b5d94f,343
79494f16-9567-4b62-bcbb-7808f7b10fd9,329
ddd5bbfb-4188-44cf-a326-cecb300503d4,361
fe5e47e4-a404-41c9-aba3-c45eaab4dd53,448
a5f5c410-d47e-4212-acbe-5d54b6d5bd82,388
50d48bd7-fb19-41e9-9d4e-6252f07ef43a,394
d13c7452-a8c7-4ed2-8ccb-bd0f3075309e,409
cd349715-cd1c-4456-94b1-9655e3346004,414
cf994b5b-ee1d-48e5-b972-669180fabc39,369
1db6656d-6369-4eb1-bddf-f442af25fdb0,359
39f5bdbf-f20f-4306-9ff3-74fea18c0279,430
0ae42faf-ab47-479c-97ce-b961017ef265,328
41c15e59-4ce6-4c56-8b04-e29082e492bd,1222
ce004577-3a3c-4346-a11b-42cba8b042c0,340
899f9589-b0bd-449b-bdc6-540ff17faf9e,362
9e53ba73-6d0a-43e2-8f9a-09b2794f1d51,364
a3a75a4b-7058-42b1-b8b4-8b31ed1d7140,352
db4ca14e-fe06-4be9-8398-0ae098b4491f,364
84abd61c-8200-435c-a2c6-b8d2ff52ca87,413
9042b9cc-baad-44bd-916d-c905df46ba49,807
5ed9be45-21dd-4f5d-b32e-08008f95e6db,988
5e621029-0d89-4064-aef4-5bc9cb2ea96a,963
fa3e3c66-6df3-4965-b2af-17317c475cfa,327
de389d7c-83a8-4396-a60f-e968aa68f94e,329
c78eb396-fb62-4f46-a5a7-4eec072f9294,358
5f32838c-fc77-4eea-9f41-cc553a1cc4f8,366
a1c65016-0b76-4a8c-abcd-8ece64651a93,360
722c60ef-e17b-452d-83ad-25eb4b196c31,372
a1dcd028-b784-43c5-ac94-e2c1a83887ec,409
f86cbfc5-b40b-4ef3-a921-3810b563c979,426
b2859126-fe83-4252-bde6-b33797848c1b,560
7cf5f3bf-7e1b-4bef-a774-89a9b08a85ef,325
8866d2b1-c823-47c2-b2cb-2505d6b0f011,333
cb02c3ff-3776-465d-944c-4e4bbadfb429,324
1d4cd3f1-5360-46ad-98e7-ff8be37d120f,372
09df7ffa-f7b3-4aa6-9635-f47ea84b4938,347
9cebae4e-f592-40e9-9b9a-84e1e5608224,348
3ac226d6-11fb-40d3-b60c-3ad194469b09,376
1f1a69f7-2bfb-45cf-bded-f5dac6cd03d1,402
c3e08198-bb54-4c87-8b55-f4f19770b31c,413
e9589990-8155-4749-986a-6691b7e22a90,349
affc355b-4d7d-4570-bce3-ed5d0d38739a,318
8d729761-89e3-46ba-bc0e-aa155bb12836,323
e135e8a7-025f-427b-a4a7-600587219cd0,328
b2b65ce9-2bd5-4807-8f18-2c20ab8b7979,343
f708340f-aaa7-440a-897f-0063017650e9,345
4bfd28f3-2619-44ff-8d39-239f4f20d7b7,349
78daa1eb-7f0d-462e-8523-fd23a96b6a9b,379
2cc2fcf1-e63c-47a3-be2a-cbcc5978e488,406
c337c7af-98e5-4a02-b662-5f4f76a82e46,419
45b9a66a-c729-407f-a968-76425b80d861,323
3c60f740-eae0-4ffd-b916-84435dfba472,326
0bf0a21a-790b-42c3-af62-2b85ce0d2edb,322
2c408088-7387-4506-a578-66c9c4298f4a,320
93eaaba4-6de8-4eda-af25-3de797abc9d8,357
e52659df-c90b-426e-9c57-d6d718d1a8b1,356
200fd33f-98e8-4758-986e-04821bdbff88,365
45ef865c-8783-4049-9d2d-21b494e76640,355
73779cf3-ac66-42a4-9fad-6f4e95351a3c,413
a939bc6d-ef51-493b-a5a5-65b44ca2df97,423
bda2646d-b3e0-4999-bec7-6652949b6411,314
ca79e0ea-1c10-413f-9dcd-db78c5667b1c,334
6bed55da-38cf-41e4-843c-f62f88f08df0,322
83c2d8ba-3732-4e42-a9df-947d0d9aab92,323
e12c668d-a422-4e1c-9798-ccff74e020a1,354
abd916aa-8fe3-462e-9f17-052e6de2ae47,353
f0045379-4bb8-4f48-b6e7-f7cae7f06a64,348
f7e67532-38f8-4c3d-8404-502f9077c38c,355
28cf5b3b-d0f1-4030-b319-b540ad58e3fc,398
2e3d1bfa-1212-462b-abf4-25135e3c9e27,416
